<ImportExportXml xmlns:xsi="http://www.w3.org/2001/XMLSchema-instance">
  <Entities></Entities>
  <Roles></Roles>
  <Workflows>
    <Workflow WorkflowId="{7015d25d-2dd0-48cb-8bac-10c49ee49339}" Name="RetrieveOptionSetMetadata">
      <XamlFileName>/Workflows/RetrieveOptionSetMetadata-7015D25D-2DD0-48CB-8BAC-10C49EE49339.xaml</XamlFileName>
      <Type>1</Type>
      <Subprocess>0</Subprocess>
      <Category>3</Category>
      <Mode>0</Mode>
      <Scope>4</Scope>
      <OnDemand>0</OnDemand>
      <TriggerOnCreate>0</TriggerOnCreate>
      <TriggerOnDelete>0</TriggerOnDelete>
      <AsyncAutodelete>0</AsyncAutodelete>
      <SyncWorkflowLogOnFailure>0</SyncWorkflowLogOnFailure>
      <StateCode>1</StateCode>
      <StatusCode>2</StatusCode>
      <CreateStage>40</CreateStage>
      <RunAs>1</RunAs>
      <SdkMessageId>{b2ed210c-4ad6-e911-a825-000d3a3b10ec}</SdkMessageId>
      <UniqueName>RetrieveOptionSetMetadata</UniqueName>
      <IsTransacted>0</IsTransacted>
      <IntroducedVersion>1.0</IntroducedVersion>
      <IsCustomizable>1</IsCustomizable>
      <FormId>{00000000-0000-0000-0000-000000000000}</FormId>
      <PrimaryEntity>none</PrimaryEntity>
      <LocalizedNames>
        <LocalizedName languagecode="1033" description="RetrieveOptionSetMetadata" />
      </LocalizedNames>
    </Workflow>
    <Workflow WorkflowId="{98dc0492-e74a-468d-bb60-49ddbedec3b9}" Name="RetrieveActions">
      <XamlFileName>/Workflows/RetrieveActions-98DC0492-E74A-468D-BB60-49DDBEDEC3B9.xaml</XamlFileName>
      <Type>1</Type>
      <Subprocess>0</Subprocess>
      <Category>3</Category>
      <Mode>0</Mode>
      <Scope>4</Scope>
      <OnDemand>0</OnDemand>
      <TriggerOnCreate>0</TriggerOnCreate>
      <TriggerOnDelete>0</TriggerOnDelete>
      <AsyncAutodelete>0</AsyncAutodelete>
      <SyncWorkflowLogOnFailure>1</SyncWorkflowLogOnFailure>
      <StateCode>1</StateCode>
      <StatusCode>2</StatusCode>
      <CreateStage>40</CreateStage>
      <RunAs>1</RunAs>
      <SdkMessageId>{d9533a26-892a-ea11-a810-000d3a569c42}</SdkMessageId>
      <UniqueName>RetrieveActions</UniqueName>
      <IsTransacted>1</IsTransacted>
      <IntroducedVersion>1.0.0.0</IntroducedVersion>
      <IsCustomizable>1</IsCustomizable>
      <FormId>{00000000-0000-0000-0000-000000000000}</FormId>
      <PrimaryEntity>none</PrimaryEntity>
      <LocalizedNames>
        <LocalizedName languagecode="1033" description="RetrieveActions" />
      </LocalizedNames>
    </Workflow>
    <Workflow WorkflowId="{944d43a2-d447-4d79-bddc-936f1df86675}" Name="Retrieve Attribute History">
      <XamlFileName>/Workflows/RetrieveAttributeHistory-944D43A2-D447-4D79-BDDC-936F1DF86675.xaml</XamlFileName>
      <Type>1</Type>
      <Subprocess>0</Subprocess>
      <Category>3</Category>
      <Mode>0</Mode>
      <Scope>4</Scope>
      <OnDemand>0</OnDemand>
      <TriggerOnCreate>0</TriggerOnCreate>
      <TriggerOnDelete>0</TriggerOnDelete>
      <AsyncAutodelete>0</AsyncAutodelete>
      <SyncWorkflowLogOnFailure>1</SyncWorkflowLogOnFailure>
      <StateCode>1</StateCode>
      <StatusCode>2</StatusCode>
      <CreateStage>40</CreateStage>
      <RunAs>1</RunAs>
      <SdkMessageId>{b87f452b-21ba-e911-a830-000d3a182556}</SdkMessageId>
      <UniqueName>RetrieveAttributeHistory</UniqueName>
      <IsTransacted>1</IsTransacted>
      <IntroducedVersion>1.1</IntroducedVersion>
      <IsCustomizable>1</IsCustomizable>
      <FormId>{00000000-0000-0000-0000-000000000000}</FormId>
      <PrimaryEntity>none</PrimaryEntity>
      <LocalizedNames>
        <LocalizedName languagecode="1033" description="Retrieve Attribute History" />
      </LocalizedNames>
    </Workflow>
    <Workflow WorkflowId="{0baa3633-ced4-4c35-891a-b4f2cc524aa6}" Name="GenerateCard">
      <XamlFileName>/Workflows/GenerateCard-0BAA3633-CED4-4C35-891A-B4F2CC524AA6.xaml</XamlFileName>
      <Type>1</Type>
      <Subprocess>0</Subprocess>
      <Category>3</Category>
      <Mode>0</Mode>
      <Scope>4</Scope>
      <OnDemand>0</OnDemand>
      <TriggerOnCreate>0</TriggerOnCreate>
      <TriggerOnDelete>0</TriggerOnDelete>
      <AsyncAutodelete>0</AsyncAutodelete>
      <SyncWorkflowLogOnFailure>1</SyncWorkflowLogOnFailure>
      <StateCode>1</StateCode>
      <StatusCode>2</StatusCode>
      <CreateStage>40</CreateStage>
      <RunAs>1</RunAs>
      <SdkMessageId>{b8190c04-4663-ea11-a812-000d3ac123d4}</SdkMessageId>
      <UniqueName>GenerateCard</UniqueName>
      <IsTransacted>1</IsTransacted>
      <IntroducedVersion>1.3.3.0</IntroducedVersion>
      <IsCustomizable>1</IsCustomizable>
      <FormId>{00000000-0000-0000-0000-000000000000}</FormId>
      <PrimaryEntity>none</PrimaryEntity>
      <LocalizedNames>
        <LocalizedName languagecode="1033" description="GenerateCard" />
      </LocalizedNames>
    </Workflow>
  </Workflows>
  <FieldSecurityProfiles></FieldSecurityProfiles>
  <Templates />
  <EntityMaps />
  <EntityRelationships />
  <OrganizationSettings />
  <optionsets />
  <CustomControls>
    <CustomControl>
      <Name>vnb_VinnyBComponents.TextSplitter</Name>
      <FileName>/Controls/vnb_VinnyBComponents.TextSplitter/ControlManifest.xml</FileName>
    </CustomControl>
    <CustomControl>
      <Name>vnb_VinnyBControls.CompleteForm</Name>
      <FileName>/Controls/vnb_VinnyBControls.CompleteForm/ControlManifest.xml</FileName>
    </CustomControl>
    <CustomControl>
      <Name>vnb_VinnyBComponents.NNTags</Name>
      <FileName>/Controls/vnb_VinnyBComponents.NNTags/ControlManifest.xml</FileName>
    </CustomControl>
    <CustomControl>
      <Name>vnb_VinnyBControls.SystemUserOverView</Name>
      <FileName>/Controls/vnb_VinnyBControls.SystemUserOverView/ControlManifest.xml</FileName>
    </CustomControl>
    <CustomControl>
      <Name>vnb_VinnyBControls.Iframe4Canvas</Name>
      <FileName>/Controls/vnb_VinnyBControls.Iframe4Canvas/ControlManifest.xml</FileName>
    </CustomControl>
    <CustomControl>
      <Name>vnb_VinnyBControls.StatusReasonKanban</Name>
      <FileName>/Controls/vnb_VinnyBControls.StatusReasonKanban/ControlManifest.xml</FileName>
    </CustomControl>
    <CustomControl>
      <Name>vnb_VinnyBControls.ActionButtons</Name>
      <FileName>/Controls/vnb_VinnyBControls.ActionButtons/ControlManifest.xml</FileName>
    </CustomControl>
    <CustomControl>
      <Name>vnb_VinnyBComponents.EasyHistory</Name>
      <FileName>/Controls/vnb_VinnyBComponents.EasyHistory/ControlManifest.xml</FileName>
    </CustomControl>
  </CustomControls>
  <SolutionPluginAssemblies>
    <PluginAssembly FullName="VinnyB.CardGenerator, Version=1.0.0.0, Culture=neutral, PublicKeyToken=8ce36ae7771abed7" PluginAssemblyId="b210e48f-def5-4e3f-9885-ee492f4b8118" CustomizationLevel="1">
      <IsolationMode>2</IsolationMode>
      <SourceType>0</SourceType>
      <IntroducedVersion>1.0</IntroducedVersion>
      <FileName>/PluginAssemblies/VinnyBCardGenerator-B210E48F-DEF5-4E3F-9885-EE492F4B8118/VinnyBCardGenerator.dll</FileName>
      <PluginTypes>
        <PluginType AssemblyQualifiedName="VinnyB.CardGenerator.Actions.CardGenerator, VinnyB.CardGenerator, Version=1.0.0.0, Culture=neutral, PublicKeyToken=8ce36ae7771abed7" PluginTypeId="ca6048ed-d37d-4981-9018-44935b6397cb" Name="VinnyB.CardGenerator.Actions.CardGenerator">
          <FriendlyName>29e1151e-73c1-42bb-ba48-4e7461e3de57</FriendlyName>
        </PluginType>
      </PluginTypes>
    </PluginAssembly>
    <PluginAssembly FullName="VinnyB.EasyHistory, Version=1.0.0.0, Culture=neutral, PublicKeyToken=1a8d3e8b57fde721" PluginAssemblyId="0d9154c2-227d-43c6-816b-ab1af5b7732b" CustomizationLevel="1">
      <IsolationMode>2</IsolationMode>
      <SourceType>0</SourceType>
      <IntroducedVersion>1.0</IntroducedVersion>
      <FileName>/PluginAssemblies/VinnyBEasyHistory-0D9154C2-227D-43C6-816B-AB1AF5B7732B/VinnyBEasyHistory.dll</FileName>
      <PluginTypes>
        <PluginType AssemblyQualifiedName="VinnyB.EasyHistory.RetrieveAttributeHistory, VinnyB.EasyHistory, Version=1.0.0.0, Culture=neutral, PublicKeyToken=1a8d3e8b57fde721" PluginTypeId="baba7b9c-f2d5-44ca-bbf2-609254a20aa8" Name="VinnyB.EasyHistory.RetrieveAttributeHistory">
          <FriendlyName>8602e722-5656-461f-a859-8c6ab3db31df</FriendlyName>
          <WorkflowActivityGroupName>VinnyB.EasyHistory (1.0.0.0)</WorkflowActivityGroupName>
        </PluginType>
      </PluginTypes>
    </PluginAssembly>
    <PluginAssembly FullName="VinnyB.KanbanStatusReason, Version=1.0.0.0, Culture=neutral, PublicKeyToken=9d174b91354f2219" PluginAssemblyId="26493517-71a2-4950-b0aa-abf21a656f9c" CustomizationLevel="1">
      <IsolationMode>2</IsolationMode>
      <SourceType>0</SourceType>
      <IntroducedVersion>1.0</IntroducedVersion>
      <FileName>/PluginAssemblies/VinnyBKanbanStatusReason-26493517-71A2-4950-B0AA-ABF21A656F9C/VinnyBKanbanStatusReason.dll</FileName>
      <PluginTypes>
        <PluginType AssemblyQualifiedName="VinnyB.KanbanStatusReason.RetrieveOptionSetMetadata, VinnyB.KanbanStatusReason, Version=1.0.0.0, Culture=neutral, PublicKeyToken=9d174b91354f2219" PluginTypeId="16855202-cb28-43a2-8725-78d96f824c4e" Name="VinnyB.KanbanStatusReason.RetrieveOptionSetMetadata">
          <FriendlyName>1b58f3b4-0d23-4a1a-b9f9-667f000a04cb</FriendlyName>
          <WorkflowActivityGroupName>VinnyB.KanbanStatusReason (1.0.0.0)</WorkflowActivityGroupName>
        </PluginType>
      </PluginTypes>
    </PluginAssembly>
    <PluginAssembly FullName="VinnyB.RetrieveActions, Version=1.0.0.0, Culture=neutral, PublicKeyToken=64d70e85da58d21f" PluginAssemblyId="7450732d-7654-497e-844f-0042feb79198" CustomizationLevel="1">
      <IsolationMode>2</IsolationMode>
      <SourceType>0</SourceType>
      <IntroducedVersion>1.0</IntroducedVersion>
      <FileName>/PluginAssemblies/VinnyBRetrieveActions-7450732D-7654-497E-844F-0042FEB79198/VinnyBRetrieveActions.dll</FileName>
      <PluginTypes>
        <PluginType AssemblyQualifiedName="VinnyB.RetrieveActions.Plugins.RetrieveActions, VinnyB.RetrieveActions, Version=1.0.0.0, Culture=neutral, PublicKeyToken=64d70e85da58d21f" PluginTypeId="3501a88b-78a6-4a7a-851c-99cd2b716356" Name="VinnyB.RetrieveActions.Plugins.RetrieveActions">
          <FriendlyName>76ff6886-58cf-4e8b-afb1-0dc92d0569f6</FriendlyName>
        </PluginType>
      </PluginTypes>
    </PluginAssembly>
  </SolutionPluginAssemblies>
  <SdkMessageProcessingSteps>
    <SdkMessageProcessingStep Name="VinnyB.CardGenerator.Actions.CardGenerator: vnb_GenerateCard of any Entity" SdkMessageProcessingStepId="{e88e847e-4663-ea11-a812-000d3ac1190b}">
      <PluginTypeName>VinnyB.CardGenerator.Actions.CardGenerator, VinnyB.CardGenerator, Version=1.0.0.0, Culture=neutral, PublicKeyToken=8ce36ae7771abed7</PluginTypeName>
      <PluginTypeId>ca6048ed-d37d-4981-9018-44935b6397cb</PluginTypeId>
      <AsyncAutoDelete>0</AsyncAutoDelete>
      <Description>VinnyB.CardGenerator.Actions.CardGenerator: vnb_GenerateCard of any Entity</Description>
      <FilteringAttributes></FilteringAttributes>
      <InvocationSource>0</InvocationSource>
      <Mode>0</Mode>
      <Rank>1</Rank>
      <SdkMessageId>{b8190c04-4663-ea11-a812-000d3ac123d4}</SdkMessageId>
      <EventHandlerTypeCode>4602</EventHandlerTypeCode>
      <Stage>40</Stage>
      <IsCustomizable>1</IsCustomizable>
      <IsHidden>0</IsHidden>
      <SupportedDeployment>0</SupportedDeployment>
      <IntroducedVersion>1.0</IntroducedVersion>
      <SdkMessageProcessingStepImages />
    </SdkMessageProcessingStep>
    <SdkMessageProcessingStep Name="VinnyB.RetrieveActions.Plugins.RetrieveActions: vnb_RetrieveActions of any Entity" SdkMessageProcessingStepId="{3d1d3674-892a-ea11-a810-000d3a569c42}">
      <PluginTypeName>VinnyB.RetrieveActions.Plugins.RetrieveActions, VinnyB.RetrieveActions, Version=1.0.0.0, Culture=neutral, PublicKeyToken=64d70e85da58d21f</PluginTypeName>
      <PluginTypeId>3501a88b-78a6-4a7a-851c-99cd2b716356</PluginTypeId>
      <AsyncAutoDelete>0</AsyncAutoDelete>
      <Description>VinnyB.RetrieveActions.Plugins.RetrieveActions: vnb_RetrieveActions of any Entity</Description>
      <FilteringAttributes></FilteringAttributes>
      <InvocationSource>0</InvocationSource>
      <Mode>0</Mode>
      <Rank>1</Rank>
      <SdkMessageId>{d9533a26-892a-ea11-a810-000d3a569c42}</SdkMessageId>
      <EventHandlerTypeCode>4602</EventHandlerTypeCode>
      <Stage>40</Stage>
      <IsCustomizable>1</IsCustomizable>
      <IsHidden>0</IsHidden>
      <SupportedDeployment>0</SupportedDeployment>
      <IntroducedVersion>1.0</IntroducedVersion>
      <SdkMessageProcessingStepImages />
    </SdkMessageProcessingStep>
  </SdkMessageProcessingSteps>
  <EntityDataProviders />
  <Languages>
    <Language>1033</Language>
  </Languages>
</ImportExportXml>