<ImportExportXml version="9.1.0.16231" SolutionPackageVersion="9.1" languagecode="1033" generatedBy="CrmLive" xmlns:xsi="http://www.w3.org/2001/XMLSchema-instance">
  <SolutionManifest>
    <UniqueName>VinnyBControls</UniqueName>
    <LocalizedNames>
      <LocalizedName description="VinnyBControls" languagecode="1033" />
    </LocalizedNames>
    <Descriptions>
      <Description description="https://github.com/VinnyDyn/CompleteForm&#xA;https://github.com/VinnyDyn/EasyHistory&#xA;https://github.com/VinnyDyn/NNTags&#xA;https://github.com/VinnyDyn/SystemUserOverView&#xA;https://github.com/VinnyDyn/StatusReasonKanban&#xA;https://github.com/VinnyDyn/ActionButtons&#xA;https://github.com/VinnyDyn/CardGenerator&#xA;https://github.com/VinnyDyn/TextSplitter&#xA;https://github.com/VinnyDyn/Iframe4Canvas" languagecode="1033" />
    </Descriptions>
    <Version>1.6.3.1</Version>
    <Managed>1</Managed>
    <Publisher>
      <UniqueName>vinnyb</UniqueName>
      <LocalizedNames>
        <LocalizedName description="VinnyB" languagecode="1033" />
      </LocalizedNames>
      <Descriptions>
        <Description description="VinnyB" languagecode="1033" />
      </Descriptions>
      <EMailAddress>vinicius.leiriao@gmail.com</EMailAddress>
      <SupportingWebsiteUrl>https://www.linkedin.com/in/vinicius-basile-2b276353/</SupportingWebsiteUrl>
      <CustomizationPrefix>vnb</CustomizationPrefix>
      <CustomizationOptionValuePrefix>44440</CustomizationOptionValuePrefix>
      <Addresses>
        <Address>
          <AddressNumber>1</AddressNumber>
          <AddressTypeCode>1</AddressTypeCode>
          <City xsi:nil="true"></City>
          <County xsi:nil="true"></County>
          <Country xsi:nil="true"></Country>
          <Fax xsi:nil="true"></Fax>
          <FreightTermsCode xsi:nil="true"></FreightTermsCode>
          <ImportSequenceNumber xsi:nil="true"></ImportSequenceNumber>
          <Latitude xsi:nil="true"></Latitude>
          <Line1 xsi:nil="true"></Line1>
          <Line2 xsi:nil="true"></Line2>
          <Line3 xsi:nil="true"></Line3>
          <Longitude xsi:nil="true"></Longitude>
          <Name xsi:nil="true"></Name>
          <PostalCode xsi:nil="true"></PostalCode>
          <PostOfficeBox xsi:nil="true"></PostOfficeBox>
          <PrimaryContactName xsi:nil="true"></PrimaryContactName>
          <ShippingMethodCode>1</ShippingMethodCode>
          <StateOrProvince xsi:nil="true"></StateOrProvince>
          <Telephone1 xsi:nil="true"></Telephone1>
          <Telephone2 xsi:nil="true"></Telephone2>
          <Telephone3 xsi:nil="true"></Telephone3>
          <TimeZoneRuleVersionNumber xsi:nil="true"></TimeZoneRuleVersionNumber>
          <UPSZone xsi:nil="true"></UPSZone>
          <UTCOffset xsi:nil="true"></UTCOffset>
          <UTCConversionTimeZoneCode xsi:nil="true"></UTCConversionTimeZoneCode>
        </Address>
        <Address>
          <AddressNumber>2</AddressNumber>
          <AddressTypeCode>1</AddressTypeCode>
          <City xsi:nil="true"></City>
          <County xsi:nil="true"></County>
          <Country xsi:nil="true"></Country>
          <Fax xsi:nil="true"></Fax>
          <FreightTermsCode xsi:nil="true"></FreightTermsCode>
          <ImportSequenceNumber xsi:nil="true"></ImportSequenceNumber>
          <Latitude xsi:nil="true"></Latitude>
          <Line1 xsi:nil="true"></Line1>
          <Line2 xsi:nil="true"></Line2>
          <Line3 xsi:nil="true"></Line3>
          <Longitude xsi:nil="true"></Longitude>
          <Name xsi:nil="true"></Name>
          <PostalCode xsi:nil="true"></PostalCode>
          <PostOfficeBox xsi:nil="true"></PostOfficeBox>
          <PrimaryContactName xsi:nil="true"></PrimaryContactName>
          <ShippingMethodCode>1</ShippingMethodCode>
          <StateOrProvince xsi:nil="true"></StateOrProvince>
          <Telephone1 xsi:nil="true"></Telephone1>
          <Telephone2 xsi:nil="true"></Telephone2>
          <Telephone3 xsi:nil="true"></Telephone3>
          <TimeZoneRuleVersionNumber xsi:nil="true"></TimeZoneRuleVersionNumber>
          <UPSZone xsi:nil="true"></UPSZone>
          <UTCOffset xsi:nil="true"></UTCOffset>
          <UTCConversionTimeZoneCode xsi:nil="true"></UTCConversionTimeZoneCode>
        </Address>
      </Addresses>
    </Publisher>
    <RootComponents>
      <RootComponent type="29" id="{0baa3633-ced4-4c35-891a-b4f2cc524aa6}" behavior="0" />
      <RootComponent type="29" id="{7015d25d-2dd0-48cb-8bac-10c49ee49339}" behavior="0" />
      <RootComponent type="29" id="{944d43a2-d447-4d79-bddc-936f1df86675}" behavior="0" />
      <RootComponent type="29" id="{98dc0492-e74a-468d-bb60-49ddbedec3b9}" behavior="0" />
      <RootComponent type="66" schemaName="vnb_VinnyBComponents.EasyHistory" behavior="0" />
      <RootComponent type="66" schemaName="vnb_VinnyBComponents.NNTags" behavior="0" />
      <RootComponent type="66" schemaName="vnb_VinnyBComponents.TextSplitter" behavior="0" />
      <RootComponent type="66" schemaName="vnb_VinnyBControls.ActionButtons" behavior="0" />
      <RootComponent type="66" schemaName="vnb_VinnyBControls.CompleteForm" behavior="0" />
      <RootComponent type="66" schemaName="vnb_VinnyBControls.Iframe4Canvas" behavior="0" />
      <RootComponent type="66" schemaName="vnb_VinnyBControls.StatusReasonKanban" behavior="0" />
      <RootComponent type="66" schemaName="vnb_VinnyBControls.SystemUserOverView" behavior="0" />
      <RootComponent type="91" id="{b210e48f-def5-4e3f-9885-ee492f4b8118}" schemaName="VinnyB.CardGenerator, Version=1.0.0.0, Culture=neutral, PublicKeyToken=8ce36ae7771abed7" behavior="0" />
      <RootComponent type="91" id="{0d9154c2-227d-43c6-816b-ab1af5b7732b}" schemaName="VinnyB.EasyHistory, Version=1.0.0.0, Culture=neutral, PublicKeyToken=1a8d3e8b57fde721" behavior="0" />
      <RootComponent type="91" id="{26493517-71a2-4950-b0aa-abf21a656f9c}" schemaName="VinnyB.KanbanStatusReason, Version=1.0.0.0, Culture=neutral, PublicKeyToken=9d174b91354f2219" behavior="0" />
      <RootComponent type="91" id="{7450732d-7654-497e-844f-0042feb79198}" schemaName="VinnyB.RetrieveActions, Version=1.0.0.0, Culture=neutral, PublicKeyToken=64d70e85da58d21f" behavior="0" />
      <RootComponent type="92" id="{3d1d3674-892a-ea11-a810-000d3a569c42}" behavior="0" />
      <RootComponent type="92" id="{e88e847e-4663-ea11-a812-000d3ac1190b}" behavior="0" />
    </RootComponents>
    <MissingDependencies />
  </SolutionManifest>
</ImportExportXml>