<manifest><control preview-image="img/iconfinder_relationship_107192.png" namespace="VinnyBComponents" constructor="NNTags" version="1.1.1" display-name-key="EasyM2M for relationships" description-key="" control-type="standard" api-version="1.1.0"><data-set name="dataSet" display-name-key="Many to many dataset" /><property description-key="Many to Many Relationship Name" display-name-key="Many to Many Relationship Name" name="relationship_name" required="true" usage="input" of-type="SingleLine.Text" /><property description-key="#000000" display-name-key="Associated Hexadecimal" name="associated_hex" required="true" usage="input" of-type="SingleLine.Text" /><resources><code path="bundle.js" order="1" /><css path="css/NNTags.css" order="1" /><css path="img/iconfinder_relationship_1071921.png" /></resources><built-by name="pac" version="0.3.4" /></control></manifest>