<manifest><control namespace="VinnyBComponents" constructor="TextSplitter" version="0.0.1" display-name-key="TextSplitter" description-key="TextSplitter description" control-type="standard" api-version="1.2.1"><property name="attribute" display-name-key="Attribute" description-key="" of-type-group="text" usage="bound" required="true" /><property name="separator" display-name-key="Separator" description-key="" of-type="SingleLine.Text" usage="input" required="false" /><type-group name="text"><type>SingleLine.Text</type><type>SingleLine.TextArea</type><type>SingleLine.Phone</type><type>Multiple</type></type-group><resources><code path="bundle.js" order="1" /><css path="css/TextSplitter.css" order="1" /></resources><built-by name="pac" version="1.1.6" /></control></manifest>