<manifest><control namespace="VinnyBControls" constructor="CompleteForm" version="0.0.1" display-name-key="CompleteForm" description-key="CompleteForm description" control-type="standard" api-version="1.2.1"><property name="sampleProperty" display-name-key="Property_Display_Key" description-key="Property_Desc_Key" of-type="SingleLine.Text" usage="bound" required="true" /><resources><code path="bundle.js" order="1" /><css path="css/CompleteForm.css" order="1" /></resources><built-by name="pac" version="0.4.3" /></control></manifest>