<manifest><control namespace="VinnyBControls" constructor="StatusReasonKanban" version="1.0.0" display-name-key="StatusReason Kanban" description-key="" control-type="standard" preview-image="img/iconfinder_7_2177457.png" api-version="1.1.0"><data-set name="DataSet" display-name-key="Entity DataSet" /><resources><code path="bundle.js" order="1" /><css path="css/StatusReasonKanban.css" order="1" /><img path="img/iconfinder_7_21774571.png" /></resources><built-by name="pac" version="0.4.3" /></control></manifest>