<manifest><control namespace="VinnyBControls" constructor="ActionButtons" version="0.0.1" display-name-key="ActionButtons" description-key="ActionButtons description" control-type="standard" api-version="1.2.1"><property name="attribute" display-name-key="Attribute" description-key="Host Attribute" of-type="SingleLine.Text" usage="bound" required="true" /><property name="subgridname" display-name-key="SubGridName" description-key="SubGrid Name" of-type="SingleLine.Text" usage="input" required="true" /><property name="jsonConfig" display-name-key="JSONConfig" description-key="JSON Configuration" of-type="SingleLine.TextArea" usage="input" required="true" /><resources><code path="bundle.js" order="1" /><css path="css/ActionButtons.css" order="1" /></resources><built-by name="pac" version="1.1.6" /></control></manifest>