<manifest><control namespace="VinnyBControls" constructor="SystemUserOverView" version="1.0.0" display-name-key="User Owner Overview" description-key="&#xD;&#xA;  * User details&#xD;&#xA;   - Picture&#xD;&#xA;   - Name&#xD;&#xA;   - Telephone&#xD;&#xA;   - Mobile Phone&#xD;&#xA;   - Email&#xD;&#xA;   - Business Unit&#xD;&#xA;   - Parent User&#xD;&#xA;  * Hierarchy&#xD;&#xA;  * Send Email (Outlook)&#xD;&#xA;  * Delegate Activities" control-type="standard" preview-image="img/logo.png" api-version="1.1.0"><property name="json" display-name-key="Activity Manifest" description-key="" of-type="SingleLine.Text" usage="input" required="false" /><property name="attribute" display-name-key="Attribute-Key" description-key="Description-Key" of-type-group="allAttributeTypes" usage="bound" required="true" /><type-group name="allAttributeTypes"><type>Whole.None</type><type>TwoOptions</type><type>DateAndTime.DateOnly</type><type>DateAndTime.DateAndTime</type><type>Decimal</type><type>FP</type><type>Multiple</type><type>Currency</type><type>OptionSet</type><type>SingleLine.Email</type><type>SingleLine.Text</type><type>SingleLine.TextArea</type><type>SingleLine.URL</type><type>SingleLine.Ticker</type><type>SingleLine.Phone</type></type-group><resources><code path="bundle.js" order="1" /><css path="css/SystemUserOverView.css" order="1" /><img path="img/logo1.png" /></resources><built-by name="pac" version="0.4.3" /></control></manifest>